Isis Albuquerque, (38) 24645-0995,MariaAlice.Macedo@yahoo.com,Sat May 28 2022 09:45:26 GMT-0300 (Horário Padrão de Brasília)
Giovanna Reis, (34) 23945-1228,Joana_Macedo@hotmail.com,Sun Feb 05 2023 20:52:30 GMT-0300 (Horário Padrão de Brasília)
Silas Silva, (78) 85032-0374,MariaHelena.Pereira@gmail.com,Tue Jul 12 2022 01:48:12 GMT-0300 (Horário Padrão de Brasília)
Marcela Moraes Jr., +55 (93) 9390-0054,Janana_Nogueira62@hotmail.com,Sun Aug 21 2022 18:27:20 GMT-0300 (Horário Padrão de Brasília)
Gustavo Macedo, +55 (65) 5926-3374,Paulo16@bol.com.br,Thu Jan 05 2023 04:42:09 GMT-0300 (Horário Padrão de Brasília)
Bruna Moraes, +55 (72) 6211-9385,Nbia81@gmail.com,Sat Jun 18 2022 23:26:52 GMT-0300 (Horário Padrão de Brasília)
Morgana Souza, (93) 88494-3550,Liz42@hotmail.com,Mon Apr 24 2023 15:58:59 GMT-0300 (Horário Padrão de Brasília)
Suélen Moraes Filho, +55 (76) 5980-0980,Marina.Reis@bol.com.br,Tue Apr 25 2023 08:13:18 GMT-0300 (Horário Padrão de Brasília)
Sarah Nogueira, +55 (16) 0312-4238,Arthur98@live.com,Wed Oct 26 2022 07:43:15 GMT-0300 (Horário Padrão de Brasília)
Natália Batista, (10) 48329-5791,Gbio_Barros@live.com,Tue Mar 28 2023 12:13:01 GMT-0300 (Horário Padrão de Brasília)
Rafael Braga, (08) 1659-8525,Nbia_Moraes@bol.com.br,Tue Sep 27 2022 12:57:53 GMT-0300 (Horário Padrão de Brasília)
Alícia Barros Filho, (31) 82283-4982,Marina_Saraiva61@live.com,Wed Nov 09 2022 09:25:47 GMT-0300 (Horário Padrão de Brasília)
Júlia Franco, (73) 49529-5980,Esther_Martins@gmail.com,Tue Jan 10 2023 14:25:13 GMT-0300 (Horário Padrão de Brasília)
Maria Luiza Franco, (70) 8237-5962,Bruna.Moreira42@live.com,Wed Sep 21 2022 12:18:54 GMT-0300 (Horário Padrão de Brasília)
Clara Souza, (63) 01385-0488,Vctor.Franco@bol.com.br,Mon Jul 11 2022 03:30:56 GMT-0300 (Horário Padrão de Brasília)
Dr. Gael Oliveira, (53) 3545-0407,Margarida_Pereira@live.com,Sun Nov 13 2022 02:25:59 GMT-0300 (Horário Padrão de Brasília)
Gabriel Macedo, (79) 90487-3157,Bryan.Costa24@bol.com.br,Tue Aug 02 2022 14:12:09 GMT-0300 (Horário Padrão de Brasília)
Nicolas Saraiva, (19) 80335-1273,Talita_Moraes59@gmail.com,Tue Mar 07 2023 06:22:08 GMT-0300 (Horário Padrão de Brasília)
Gabriel Moreira, (97) 4917-8323,MariaEduarda_Franco@gmail.com,Sat May 07 2022 18:50:38 GMT-0300 (Horário Padrão de Brasília)
Dra. Davi Lucca Barros, +55 (56) 7261-8451,Enzo.Barros49@bol.com.br,Wed Jun 15 2022 06:04:21 GMT-0300 (Horário Padrão de Brasília)
Gael Moreira Jr., +55 (50) 6292-3449,Eduarda_Batista@hotmail.com,Thu Jun 23 2022 23:23:09 GMT-0300 (Horário Padrão de Brasília)
Hélio Franco, (36) 3524-0593,Mariana88@yahoo.com,Sat Jan 07 2023 23:28:13 GMT-0300 (Horário Padrão de Brasília)
Maria Helena Moraes, +55 (93) 5746-6339,PedroHenrique_Macedo@yahoo.com,Sun Jul 03 2022 06:16:21 GMT-0300 (Horário Padrão de Brasília)
Eloá Melo, +55 (18) 0580-4201,MariaClara_Franco@hotmail.com,Fri May 05 2023 01:10:35 GMT-0300 (Horário Padrão de Brasília)
Sra. Alessandro Barros, (43) 3386-2346,Marcelo.Franco69@live.com,Sun Dec 11 2022 13:14:16 GMT-0300 (Horário Padrão de Brasília)
Melissa Xavier, +55 (79) 7531-2275,Meire.Barros@yahoo.com,Sat Jun 18 2022 07:03:33 GMT-0300 (Horário Padrão de Brasília)
Eduarda Macedo, (37) 0960-8535,Cau_Moreira@gmail.com,Fri Feb 24 2023 16:40:45 GMT-0300 (Horário Padrão de Brasília)
Lavínia Pereira, (37) 3251-9114,Rebeca_Silva19@yahoo.com,Sun Mar 05 2023 22:25:25 GMT-0300 (Horário Padrão de Brasília)
Ladislau Saraiva, +55 (23) 3302-6350,Roberto.Macedo12@live.com,Wed Jul 06 2022 12:23:39 GMT-0300 (Horário Padrão de Brasília)
Cauã Xavier Neto, +55 (73) 1079-6554,AnaJlia_Pereira68@live.com,Sat May 07 2022 18:23:18 GMT-0300 (Horário Padrão de Brasília)
Sra. Pablo Moraes, (22) 7359-3636,Fabrcia.Silva59@yahoo.com,Fri Jan 20 2023 03:57:03 GMT-0300 (Horário Padrão de Brasília)
João Lucas Xavier, (61) 7773-9277,Noah_Carvalho@yahoo.com,Sat Feb 11 2023 16:39:42 GMT-0300 (Horário Padrão de Brasília)
Marcos Moreira, +55 (71) 6721-8734,Lucas_Moraes30@yahoo.com,Fri Jan 06 2023 23:22:37 GMT-0300 (Horário Padrão de Brasília)
Cecília Saraiva, (96) 76800-4903,Alice16@yahoo.com,Sat Oct 15 2022 07:05:38 GMT-0300 (Horário Padrão de Brasília)
Anthony Nogueira Filho, +55 (61) 6388-2960,Helena.Franco38@hotmail.com,Sun Oct 30 2022 16:26:53 GMT-0300 (Horário Padrão de Brasília)
Bernardo Carvalho, (34) 73491-4558,Arthur.Xavier43@gmail.com,Mon Jun 20 2022 07:21:47 GMT-0300 (Horário Padrão de Brasília)
Emanuel Moraes, (46) 7949-7484,Warley.Moraes30@gmail.com,Thu Mar 23 2023 18:22:18 GMT-0300 (Horário Padrão de Brasília)
Fabrícia Pereira, +55 (91) 3747-6696,AnaClara.Moreira@bol.com.br,Thu Sep 15 2022 23:47:37 GMT-0300 (Horário Padrão de Brasília)
Alexandre Franco, (03) 3424-8234,Fabrcio.Reis55@bol.com.br,Thu Sep 15 2022 13:23:05 GMT-0300 (Horário Padrão de Brasília)
Srta. Bruna Melo, +55 (73) 3558-5919,AnaJlia86@live.com,Thu Jul 14 2022 11:59:53 GMT-0300 (Horário Padrão de Brasília)
Beatriz Batista, (49) 6215-1879,Silas7@yahoo.com,Fri Jan 06 2023 20:35:26 GMT-0300 (Horário Padrão de Brasília)
Fabiano Oliveira, +55 (36) 1237-6052,Liz.Barros@gmail.com,Fri Dec 16 2022 08:08:50 GMT-0300 (Horário Padrão de Brasília)
Murilo Braga, (58) 6823-0822,Daniel.Oliveira18@yahoo.com,Mon Jun 20 2022 01:29:55 GMT-0300 (Horário Padrão de Brasília)
Júlio Moraes, (05) 84217-7363,Clara4@bol.com.br,Thu Apr 06 2023 19:29:18 GMT-0300 (Horário Padrão de Brasília)
Fabrícia Franco, +55 (16) 6265-4646,Bruna.Moreira@live.com,Tue May 10 2022 01:40:04 GMT-0300 (Horário Padrão de Brasília)
Lavínia Xavier, (32) 78516-8141,Gabriel_Xavier91@yahoo.com,Wed Aug 03 2022 22:37:49 GMT-0300 (Horário Padrão de Brasília)
Enzo Moraes, (77) 63385-4509,PedroHenrique.Costa85@gmail.com,Wed Nov 09 2022 10:50:08 GMT-0300 (Horário Padrão de Brasília)
Sr. Henrique Moreira, (78) 2901-9350,Elsio_Nogueira96@yahoo.com,Sat Oct 22 2022 20:28:09 GMT-0300 (Horário Padrão de Brasília)
Yasmin Saraiva, (38) 90167-9268,Deneval35@bol.com.br,Fri Dec 09 2022 05:18:53 GMT-0300 (Horário Padrão de Brasília)
Dr. Márcia Batista, (86) 9743-5975,Eduardo.Souza@yahoo.com,Thu Jan 12 2023 14:27:38 GMT-0300 (Horário Padrão de Brasília)
Hélio Batista, (99) 59663-0895,Morgana.Saraiva17@hotmail.com,Tue Jul 12 2022 18:15:53 GMT-0300 (Horário Padrão de Brasília)
Breno Moreira, +55 (14) 1763-1203,Meire7@bol.com.br,Tue Oct 18 2022 12:42:49 GMT-0300 (Horário Padrão de Brasília)
Antonella Carvalho Neto, +55 (23) 4274-0395,Nbia_Albuquerque@gmail.com,Sat Jun 18 2022 04:16:09 GMT-0300 (Horário Padrão de Brasília)
Júlio Albuquerque, (78) 11463-4864,Benjamin1@bol.com.br,Sun May 22 2022 03:46:01 GMT-0300 (Horário Padrão de Brasília)
Gúbio Macedo, (33) 37131-4127,Pablo23@bol.com.br,Fri Mar 31 2023 08:47:48 GMT-0300 (Horário Padrão de Brasília)
Alexandre Melo, +55 (66) 3074-3832,Arthur_Carvalho@bol.com.br,Fri Jan 20 2023 22:48:42 GMT-0300 (Horário Padrão de Brasília)
Giovanna Batista, (07) 7776-5375,Bruna.Souza@live.com,Tue Dec 06 2022 16:31:34 GMT-0300 (Horário Padrão de Brasília)
Noah Moraes, (30) 2167-2654,Helosa.Oliveira63@live.com,Sat Nov 19 2022 01:53:00 GMT-0300 (Horário Padrão de Brasília)
Fabrício Oliveira Neto, (25) 1053-0155,Nicolas.Souza@live.com,Mon Dec 26 2022 15:02:10 GMT-0300 (Horário Padrão de Brasília)
Benício Martins, +55 (62) 8670-0385,Lorena_Macedo1@live.com,Sun Jul 17 2022 13:57:13 GMT-0300 (Horário Padrão de Brasília)
Lorenzo Carvalho, +55 (70) 1457-8220,Lavnia_Silva@gmail.com,Mon Feb 06 2023 19:19:32 GMT-0300 (Horário Padrão de Brasília)
Félix Franco, (50) 05346-6477,Helena_Albuquerque64@bol.com.br,Tue Jan 31 2023 22:42:18 GMT-0300 (Horário Padrão de Brasília)
Carlos Franco, +55 (53) 3904-5529,Lvia_Nogueira@live.com,Sat Mar 04 2023 00:05:47 GMT-0300 (Horário Padrão de Brasília)
Isabelly Carvalho, (29) 3051-9188,Pietro_Pereira@live.com,Fri Sep 02 2022 12:49:46 GMT-0300 (Horário Padrão de Brasília)
Sílvia Batista, (79) 63353-8818,MariaEduarda.Braga@gmail.com,Mon Aug 08 2022 14:44:00 GMT-0300 (Horário Padrão de Brasília)
Sirineu Franco, (95) 1485-6058,Oflia_Santos60@yahoo.com,Wed Oct 19 2022 14:07:24 GMT-0300 (Horário Padrão de Brasília)
Sr. Karla Costa, +55 (38) 6282-6761,Alexandre.Silva@live.com,Sun Dec 18 2022 16:12:11 GMT-0300 (Horário Padrão de Brasília)
Clara Albuquerque Jr., (87) 3676-1269,Rafael_Albuquerque14@bol.com.br,Wed Jul 13 2022 04:45:44 GMT-0300 (Horário Padrão de Brasília)
Carlos Carvalho Neto, (73) 93393-4569,MariaClara.Santos@bol.com.br,Wed Mar 22 2023 08:04:18 GMT-0300 (Horário Padrão de Brasília)
Vitor Nogueira, (24) 0758-9964,Joaquim35@gmail.com,Sat Dec 31 2022 12:01:12 GMT-0300 (Horário Padrão de Brasília)
Sr. Melissa Pereira, +55 (14) 3073-5897,Eduarda17@gmail.com,Tue Jun 28 2022 09:22:43 GMT-0300 (Horário Padrão de Brasília)
Deneval Franco, (74) 94642-0015,Larissa10@gmail.com,Wed Sep 28 2022 08:27:43 GMT-0300 (Horário Padrão de Brasília)
Kléber Braga, (94) 0285-0708,Ladislau_Souza@gmail.com,Sun Jul 31 2022 10:09:39 GMT-0300 (Horário Padrão de Brasília)
Maitê Nogueira, +55 (09) 1645-8777,Ladislau57@yahoo.com,Mon Jun 13 2022 07:58:07 GMT-0300 (Horário Padrão de Brasília)
Lavínia Souza Jr., (58) 4449-6694,Liz_Pereira@live.com,Fri Dec 09 2022 14:58:54 GMT-0300 (Horário Padrão de Brasília)
João Barros, (18) 55496-5397,Lucca_Costa61@gmail.com,Wed Nov 30 2022 13:19:30 GMT-0300 (Horário Padrão de Brasília)
Fabiano Barros, (64) 50818-6287,Mrcia15@yahoo.com,Wed May 18 2022 04:07:02 GMT-0300 (Horário Padrão de Brasília)
Feliciano Saraiva, (95) 35916-7221,Marcela_Saraiva@yahoo.com,Tue Jun 14 2022 07:05:13 GMT-0300 (Horário Padrão de Brasília)
Nataniel Carvalho, +55 (74) 7078-5770,Washington_Braga@live.com,Thu Jan 12 2023 00:40:33 GMT-0300 (Horário Padrão de Brasília)
Sr. Gael Franco, (22) 37035-9054,Vicente.Oliveira85@yahoo.com,Sat Jun 18 2022 18:19:53 GMT-0300 (Horário Padrão de Brasília)
Yango Nogueira, (41) 67285-2806,Meire50@live.com,Mon Mar 27 2023 04:13:12 GMT-0300 (Horário Padrão de Brasília)
Ofélia Xavier, +55 (30) 9541-3052,Meire_Moraes40@live.com,Sat Mar 11 2023 02:43:35 GMT-0300 (Horário Padrão de Brasília)
Guilherme Barros, (42) 52600-9075,Larissa_Albuquerque@bol.com.br,Fri Mar 10 2023 08:38:36 GMT-0300 (Horário Padrão de Brasília)
Anthony Costa Neto, (68) 7649-4959,Joaquim75@gmail.com,Thu Sep 01 2022 05:13:39 GMT-0300 (Horário Padrão de Brasília)
Morgana Martins, (47) 42291-1411,Marli51@live.com,Tue Jul 12 2022 18:38:46 GMT-0300 (Horário Padrão de Brasília)
Rafaela Macedo, (68) 03230-2093,Bencio.Xavier37@live.com,Thu Oct 27 2022 14:02:52 GMT-0300 (Horário Padrão de Brasília)
Alessandra Melo, (67) 06512-2744,Breno.Barros30@live.com,Fri Apr 28 2023 08:59:25 GMT-0300 (Horário Padrão de Brasília)
Srta. César Martins, (38) 9818-0191,Deneval41@bol.com.br,Tue Mar 14 2023 13:33:41 GMT-0300 (Horário Padrão de Brasília)
Júlio Souza, (85) 80838-1655,Marina_Martins@bol.com.br,Sat Nov 12 2022 22:14:31 GMT-0300 (Horário Padrão de Brasília)
Alícia Santos, (91) 1632-6805,Miguel_Melo98@yahoo.com,Thu Apr 13 2023 01:24:02 GMT-0300 (Horário Padrão de Brasília)
Maria Carvalho, +55 (99) 4202-0792,Enzo_Franco85@hotmail.com,Thu Dec 01 2022 00:23:15 GMT-0300 (Horário Padrão de Brasília)
Srta. Hugo Moraes Neto, +55 (13) 9324-1840,Hugo_Martins52@live.com,Mon May 23 2022 20:14:48 GMT-0300 (Horário Padrão de Brasília)
Paula Melo, (69) 9741-4236,Nataniel.Batista75@live.com,Wed Apr 26 2023 15:55:57 GMT-0300 (Horário Padrão de Brasília)
Lorenzo Franco, +55 (50) 6055-0722,Norberto83@gmail.com,Tue Sep 27 2022 06:29:08 GMT-0300 (Horário Padrão de Brasília)
Maitê Reis, (13) 01527-0202,MariaEduarda_Moraes51@live.com,Mon Aug 01 2022 02:36:11 GMT-0300 (Horário Padrão de Brasília)
Giovanna Batista, +55 (23) 5560-0039,Karla.Reis@bol.com.br,Sun Apr 30 2023 05:05:23 GMT-0300 (Horário Padrão de Brasília)
Danilo Costa, (98) 7660-5702,JooMiguel.Albuquerque27@live.com,Sun Apr 02 2023 14:16:57 GMT-0300 (Horário Padrão de Brasília)
Sophia Xavier, (59) 83498-8752,Alexandre_Batista@yahoo.com,Thu May 19 2022 05:01:44 GMT-0300 (Horário Padrão de Brasília)
Théo Souza, (40) 52309-9928,Isabelly.Braga84@gmail.com,Sun Apr 30 2023 13:04:02 GMT-0300 (Horário Padrão de Brasília)
Karla Silva, (88) 1047-5581,Csar.Oliveira78@yahoo.com,Thu Dec 01 2022 21:56:42 GMT-0300 (Horário Padrão de Brasília)
